SET check_function_bodies = false;
INSERT INTO public."user" (id, name, discord_id, created_at, updated_at) VALUES ('cc5b5108-8de3-45a8-80ef-d758e5ea8899', 'あの子', '599187907705700363', '2022-01-24 17:05:41.380437+00', '2022-01-24 17:05:41.380437+00');
INSERT INTO public."user" (id, name, discord_id, created_at, updated_at) VALUES ('d7dd48c1-ca45-4667-a0a7-c562814e9d58', 'konadd', '526574190858338314', '2022-01-24 17:06:29.366261+00', '2022-01-24 17:06:29.366261+00');
INSERT INTO public."user" (id, name, discord_id, created_at, updated_at) VALUES ('a3dad1b2-de2d-4e2e-89dc-b262cf3a568c', 'kaiz/NA', '600276691708805133', '2022-01-24 17:06:46.546759+00', '2022-04-03 15:50:33.279734+00');
INSERT INTO public."user" (id, name, discord_id, created_at, updated_at) VALUES ('edde1d70-2070-4f92-a87a-9d8181bc853d', 'coukyこうきぃ', '842444056210178079', '2022-04-03 15:50:12.408271+00', '2022-04-03 15:50:12.408271+00');
INSERT INTO public.staff (id, user_id, created_at, updated_at) VALUES (1, 'a3dad1b2-de2d-4e2e-89dc-b262cf3a568c', '2022-01-24 17:35:00.985097+00', '2022-01-24 17:35:00.985097+00');
INSERT INTO public.staff (id, user_id, created_at, updated_at) VALUES (2, 'd7dd48c1-ca45-4667-a0a7-c562814e9d58', '2022-04-03 14:28:24.160379+00', '2022-04-03 14:28:24.160379+00');
INSERT INTO public.staff (id, user_id, created_at, updated_at) VALUES (3, 'cc5b5108-8de3-45a8-80ef-d758e5ea8899', '2022-04-03 14:29:52.33131+00', '2022-04-03 14:29:52.33131+00');
INSERT INTO public.staff (id, user_id, created_at, updated_at) VALUES (5, 'edde1d70-2070-4f92-a87a-9d8181bc853d', '2022-04-03 15:52:55.532603+00', '2022-04-03 15:52:55.532603+00');
INSERT INTO public.event (id, datetime, host, created_at, updated_at) VALUES (1, '2022-01-30 05:30:00', 1, '2022-01-24 17:35:00.985097+00', '2022-01-24 17:35:00.985097+00');
INSERT INTO public.event (id, datetime, host, created_at, updated_at) VALUES (2, '2022-02-27 00:00:00', 1, '2022-04-03 14:26:14.259092+00', '2022-04-03 14:26:14.259092+00');
INSERT INTO public.event (id, datetime, host, created_at, updated_at) VALUES (3, '2022-04-10 00:00:00', 2, '2022-04-03 14:30:31.840317+00', '2022-04-03 14:30:31.840317+00');
INSERT INTO public.event (id, datetime, host, created_at, updated_at) VALUES (4, '2022-04-17 00:00:00', 2, '2022-04-03 14:32:03.171368+00', '2022-04-03 14:32:03.171368+00');
INSERT INTO public.event (id, datetime, host, created_at, updated_at) VALUES (5, '2022-04-24 00:00:00', 2, '2022-04-03 14:32:08.992938+00', '2022-04-03 14:32:08.992938+00');
INSERT INTO public.event (id, datetime, host, created_at, updated_at) VALUES (6, '2022-05-01 00:00:00', 2, '2022-04-03 14:32:31.846978+00', '2022-04-03 14:32:31.846978+00');
INSERT INTO public.event (id, datetime, host, created_at, updated_at) VALUES (7, '2022-05-08 00:00:00', 2, '2022-04-03 14:32:45.673625+00', '2022-04-03 14:32:45.673625+00');
INSERT INTO public.event (id, datetime, host, created_at, updated_at) VALUES (8, '2022-05-15 00:00:00', 2, '2022-04-03 14:32:50.859072+00', '2022-04-03 14:32:50.859072+00');
INSERT INTO public.event (id, datetime, host, created_at, updated_at) VALUES (9, '2022-05-22 00:00:00', 2, '2022-04-03 14:32:55.955982+00', '2022-04-03 14:32:55.955982+00');
INSERT INTO public.event (id, datetime, host, created_at, updated_at) VALUES (10, '2022-05-29 00:00:00', 2, '2022-04-03 14:33:00.959072+00', '2022-04-03 14:33:00.959072+00');
INSERT INTO public.event (id, datetime, host, created_at, updated_at) VALUES (11, '2022-06-05 00:00:00', 2, '2022-04-03 14:33:05.959072+00', '2022-04-03 14:33:05.959072+00');
INSERT INTO public.event (id, datetime, host, created_at, updated_at) VALUES (12, '2022-06-12 00:00:00', 2, '2022-04-03 14:33:10.959072+00', '2022-04-03 14:33:10.959072+00');
INSERT INTO public.event (id, datetime, host, created_at, updated_at) VALUES (13, '2022-06-19 00:00:00', 2, '2022-04-03 14:33:15.959072+00', '2022-04-03 14:33:15.959072+00');
INSERT INTO public.event (id, datetime, host, created_at, updated_at) VALUES (14, '2022-06-26 00:00:00', 2, '2022-04-03 14:33:20.959072+00', '2022-04-03 14:33:20.959072+00');
INSERT INTO public.event (id, datetime, host, created_at, updated_at) VALUES (15, '2022-07-03 00:00:00', 2, '2022-04-03 14:33:25.959072+00', '2022-04-03 14:33:25.959072+00');
INSERT INTO public.event (id, datetime, host, created_at, updated_at) VALUES (16, '2022-07-10 00:00:00', 2, '2022-04-03 14:33:30.959072+00', '2022-04-03 14:33:30.959072+00');
INSERT INTO public.event_sub_staff (id, event_id, staff_id, created_at, updated_at) VALUES (1, 3, 1, '2022-04-03 14:33:41.371356+00', '2022-04-03 14:33:41.371356+00');
INSERT INTO public.event_sub_staff (id, event_id, staff_id, created_at, updated_at) VALUES (2, 3, 3, '2022-04-03 14:33:45.068431+00', '2022-04-03 14:33:45.068431+00');
INSERT INTO public.event_sub_staff (id, event_id, staff_id, created_at, updated_at) VALUES (3, 4, 1, '2022-04-03 14:34:08.710032+00', '2022-04-03 14:34:08.710032+00');
INSERT INTO public.event_sub_staff (id, event_id, staff_id, created_at, updated_at) VALUES (4, 4, 3, '2022-04-03 14:34:11.508591+00', '2022-04-03 14:34:11.508591+00');
INSERT INTO public.event_sub_staff (id, event_id, staff_id, created_at, updated_at) VALUES (5, 5, 1, '2022-04-03 14:34:16.468676+00', '2022-04-03 14:34:16.468676+00');
INSERT INTO public.event_sub_staff (id, event_id, staff_id, created_at, updated_at) VALUES (6, 5, 3, '2022-04-03 14:34:19.224339+00', '2022-04-03 14:34:19.224339+00');
INSERT INTO public.event_sub_staff (id, event_id, staff_id, created_at, updated_at) VALUES (7, 6, 1, '2022-04-03 14:34:24.844948+00', '2022-04-03 14:34:24.844948+00');
INSERT INTO public.event_sub_staff (id, event_id, staff_id, created_at, updated_at) VALUES (8, 6, 3, '2022-04-03 14:34:27.334463+00', '2022-04-03 14:34:27.334463+00');
INSERT INTO public.event_sub_staff (id, event_id, staff_id, created_at, updated_at) VALUES (9, 7, 1, '2022-04-03 14:34:32.333539+00', '2022-04-03 14:34:32.333539+00');
INSERT INTO public.event_sub_staff (id, event_id, staff_id, created_at, updated_at) VALUES (10, 7, 3, '2022-04-03 14:34:35.543312+00', '2022-04-03 14:34:35.543312+00');
INSERT INTO public.event_sub_staff (id, event_id, staff_id, created_at, updated_at) VALUES (11, 3, 5, '2022-04-03 15:55:37.637971+00', '2022-04-03 15:55:37.637971+00');
INSERT INTO public.event_sub_staff (id, event_id, staff_id, created_at, updated_at) VALUES (12, 4, 5, '2022-04-03 15:55:44.57858+00', '2022-04-03 15:55:44.57858+00');
INSERT INTO public.event_sub_staff (id, event_id, staff_id, created_at, updated_at) VALUES (13, 5, 5, '2022-04-03 15:55:47.617871+00', '2022-04-03 15:55:47.617871+00');
INSERT INTO public.event_sub_staff (id, event_id, staff_id, created_at, updated_at) VALUES (14, 6, 5, '2022-04-03 15:55:50.346148+00', '2022-04-03 15:55:50.346148+00');
INSERT INTO public.event_sub_staff (id, event_id, staff_id, created_at, updated_at) VALUES (15, 7, 5, '2022-04-03 15:55:53.489816+00', '2022-04-03 15:55:53.489816+00');
INSERT INTO public.event_sub_staff (id, event_id, staff_id, created_at, updated_at) VALUES (16, 8, 1, '2022-04-03 14:34:39.959072+00', '2022-04-03 14:34:39.959072+00');
INSERT INTO public.event_sub_staff (id, event_id, staff_id, created_at, updated_at) VALUES (17, 8, 3, '2022-04-03 14:34:42.959072+00', '2022-04-03 14:34:42.959072+00');
INSERT INTO public.event_sub_staff (id, event_id, staff_id, created_at, updated_at) VALUES (18, 8, 5, '2022-04-03 15:55:56.959072+00', '2022-04-03 15:55:56.959072+00');
INSERT INTO public.event_sub_staff (id, event_id, staff_id, created_at, updated_at) VALUES (19, 9, 1, '2022-04-03 14:34:47.959072+00', '2022-04-03 14:34:47.959072+00');
INSERT INTO public.event_sub_staff (id, event_id, staff_id, created_at, updated_at) VALUES (20, 9, 3, '2022-04-03 14:34:50.959072+00', '2022-04-03 14:34:50.959072+00');
INSERT INTO public.event_sub_staff (id, event_id, staff_id, created_at, updated_at) VALUES (21, 9, 5, '2022-04-03 15:56:00.959072+00', '2022-04-03 15:56:00.959072+00');
INSERT INTO public.event_sub_staff (id, event_id, staff_id, created_at, updated_at) VALUES (22, 10, 1, '2022-04-03 14:34:55.959072+00', '2022-04-03 14:34:55.959072+00');
INSERT INTO public.event_sub_staff (id, event_id, staff_id, created_at, updated_at) VALUES (23, 10, 3, '2022-04-03 14:34:58.959072+00', '2022-04-03 14:34:58.959072+00');
INSERT INTO public.event_sub_staff (id, event_id, staff_id, created_at, updated_at) VALUES (24, 10, 5, '2022-04-03 15:56:08.959072+00', '2022-04-03 15:56:08.959072+00');
INSERT INTO public.event_sub_staff (id, event_id, staff_id, created_at, updated_at) VALUES (25, 11, 1, '2022-04-03 14:35:03.959072+00', '2022-04-03 14:35:03.959072+00');
INSERT INTO public.event_sub_staff (id, event_id, staff_id, created_at, updated_at) VALUES (26, 11, 3, '2022-04-03 14:35:06.959072+00', '2022-04-03 14:35:06.959072+00');
INSERT INTO public.event_sub_staff (id, event_id, staff_id, created_at, updated_at) VALUES (27, 11, 5, '2022-04-03 15:56:18.959072+00', '2022-04-03 15:56:18.959072+00');
INSERT INTO public.event_sub_staff (id, event_id, staff_id, created_at, updated_at) VALUES (28, 12, 1, '2022-04-03 14:35:11.959072+00', '2022-04-03 14:35:11.959072+00');
INSERT INTO public.event_sub_staff (id, event_id, staff_id, created_at, updated_at) VALUES (29, 12, 3, '2022-04-03 14:35:14.959072+00', '2022-04-03 14:35:14.959072+00');
INSERT INTO public.event_sub_staff (id, event_id, staff_id, created_at, updated_at) VALUES (30, 12, 5, '2022-04-03 15:56:24.959072+00', '2022-04-03 15:56:24.959072+00');
INSERT INTO public.event_sub_staff (id, event_id, staff_id, created_at, updated_at) VALUES (31, 13, 1, '2022-04-03 14:35:19.959072+00', '2022-04-03 14:35:19.959072+00');
INSERT INTO public.event_sub_staff (id, event_id, staff_id, created_at, updated_at) VALUES (32, 13, 3, '2022-04-03 14:35:22.959072+00', '2022-04-03 14:35:22.959072+00');
INSERT INTO public.event_sub_staff (id, event_id, staff_id, created_at, updated_at) VALUES (33, 13, 5, '2022-04-03 15:56:32.959072+00', '2022-04-03 15:56:32.959072+00');
INSERT INTO public.event_sub_staff (id, event_id, staff_id, created_at, updated_at) VALUES (34, 14, 1, '2022-04-03 14:35:27.959072+00', '2022-04-03 14:35:27.959072+00');
INSERT INTO public.event_sub_staff (id, event_id, staff_id, created_at, updated_at) VALUES (35, 14, 3, '2022-04-03 14:35:30.959072+00', '2022-04-03 14:35:30.959072+00');
INSERT INTO public.event_sub_staff (id, event_id, staff_id, created_at, updated_at) VALUES (36, 14, 5, '2022-04-03 15:56:40.959072+00', '2022-04-03 15:56:40.959072+00');
INSERT INTO public.event_sub_staff (id, event_id, staff_id, created_at, updated_at) VALUES (37, 15, 1, '2022-04-03 14:35:35.959072+00', '2022-04-03 14:35:35.959072+00');
INSERT INTO public.event_sub_staff (id, event_id, staff_id, created_at, updated_at) VALUES (38, 15, 3, '2022-04-03 14:35:38.959072+00', '2022-04-03 14:35:38.959072+00');
INSERT INTO public.event_sub_staff (id, event_id, staff_id, created_at, updated_at) VALUES (39, 15, 5, '2022-04-03 15:56:48.959072+00', '2022-04-03 15:56:48.959072+00');
INSERT INTO public.event_sub_staff (id, event_id, staff_id, created_at, updated_at) VALUES (40, 16, 1, '2022-04-03 14:35:43.959072+00', '2022-04-03 14:35:43.959072+00');
INSERT INTO public.event_sub_staff (id, event_id, staff_id, created_at, updated_at) VALUES (41, 16, 3, '2022-04-03 14:35:46.959072+00', '2022-04-03 14:35:46.959072+00');
INSERT INTO public.event_sub_staff (id, event_id, staff_id, created_at, updated_at) VALUES (42, 16, 5, '2022-04-03 15:56:56.959072+00', '2022-04-03 15:56:56.959072+00');
SELECT pg_catalog.setval('public.event_host_seq', 1, false);
SELECT pg_catalog.setval('public.event_id_seq', 1, false);
SELECT pg_catalog.setval('public.event_sub_staff_id_seq', 1, false);
SELECT pg_catalog.setval('public.staff_id_seq', 1, false);
